n_harmonics,base_freq,magnitudes_0,magnitudes_1,magnitudes_2,phases_0,phases_1,phases_2,instruments_0,instruments_1,instruments_2
2,2.5390700247813633,-0.43123514509256,-0.2281189568557603,0,1.5364139428558128,5.93876848132074,0,sin,sin,
x,y
-4.96300337100622,-0.3363894699411194
-4.942808594639291,-0.37532901781325084
-4.924277702437988,-0.3691371177394231
-4.89134882063059,-0.42139100302992566
-4.887157694795135,-0.4358704229091137
-4.881497924483966,-0.4250813360560299
-4.88063596291628,-0.43319929710979566
-4.880143430985681,-0.43952967665791526
-4.872184117635686,-0.44549370008500727
-4.871871568679892,-0.42463423031767267
-4.861350586401586,-0.4487595390902802
-4.858316976683154,-0.4555853845353745
-4.854264089566595,-0.4637098623815567
-4.852519631952401,-0.44742417078504676
-4.846894878052463,-0.475563344056136
-4.837164901511447,-0.47697356757193293
-4.815447516105213,-0.48457818369459754
-4.81375856247734,-0.49081356399562576
-4.8112895268197855,-0.49103337587552337
-4.808220221291798,-0.4872888654356158
-4.808134733156736,-0.5051064768186396
-4.780216510442104,-0.5025884652886593
-4.776556693536696,-0.5117593864379231
-4.7710527689315105,-0.5046242485876171
-4.764176458009479,-0.533656379113487
-4.761603369839352,-0.5220235080607312
-4.759088171716071,-0.535339666881757
-4.749096363108246,-0.5056097503659199
-4.714729357653749,-0.5491014192206753
-4.706977590270443,-0.540588660624325
-4.70526766668212,-0.5326125266524865
-4.704350796858371,-0.521464758606718
-4.695559367333816,-0.5425044701255094
-4.68421237701982,-0.5319598547534626
-4.674237655448543,-0.5540031639087512
-4.672514035302397,-0.5206286965313034
-4.6627987692308945,-0.5274139543100235
-4.627191957472796,-0.5084607456212917
-4.613553693011743,-0.5147281767541185
-4.606776446206143,-0.5309111318857619
-4.600929381869411,-0.5171567813216366
-4.593358463418897,-0.5191980837346983
-4.584373547893113,-0.5056472578337469
-4.5808989841846515,-0.5081673706275989
-4.573833294976101,-0.48842246260354477
-4.562750460415062,-0.4781134787942746
-4.542523436686123,-0.4476685341874404
-4.528473703503105,-0.45670671023949805
-4.4931299268286065,-0.3997957854573189
-4.472782749710733,-0.35625356699832506
-4.450233109554347,-0.33868080868649264
-4.441126231605574,-0.3248501543392111
-4.420463476895073,-0.25625491021751606
-4.416040033379702,-0.27967513630160695
-4.415692806955387,-0.24350296754166242
-4.390020349504203,-0.1980397778430801
-4.34468854817365,-0.11078176085337336
-4.335650713361118,-0.09743910891884522
-4.329152669379749,-0.08703801284620648
-4.326935744358105,-0.07694822185897474
-4.312172206957992,-0.04190890861987082
-4.274742790922499,0.007147804154751088
-4.264398069874892,0.06986339592639094
-4.245317830593885,0.11212773653979687
-4.217760503625698,0.15924624702326035
-4.211901750428002,0.17950668019546837
-4.211803796130612,0.14446295632567674
-4.19504881700484,0.2126744518107588
-4.193661983865828,0.21812141363463028
-4.1861841007242395,0.2430215765479754
-4.184300143449774,0.22307864154643217
-4.162797761166821,0.2866480813618421
-4.15220274227655,0.2904419572744196
-4.149318839137165,0.29534847517402896
-4.131948082511206,0.3209317698864193
-4.126851782224376,0.34392882545787773
-4.125488028650851,0.3363910434344863
-4.119519871268679,0.3640422874349701
-4.083140690154102,0.4310605244605858
-4.0800093731116345,0.4362607040059165
-4.052586168914889,0.4464407493017485
-4.051244650961192,0.4688250143434912
-4.047579191003413,0.4871892560982039
-4.04728545050793,0.47456227612997803
-4.043458001580208,0.48628785099958366
-4.042833119698286,0.4907201717528359
-4.032236288840143,0.49364628701255664
-4.027523512775023,0.49175197567461804
-4.025236257471506,0.5030259124280789
-4.012820477071589,0.5108433379717822
-4.004736024927706,0.5458758631973046
-3.9643540551105474,0.566260477994976
-3.964077410316115,0.5718056553176559
-3.9599773965781515,0.5636084887591963
-3.9562215830432623,0.5621474188046783
-3.9373042990884155,0.5858294711518486
-3.9303260404280547,0.5863561285219354
-3.914732519712972,0.6021236510395994
-3.8941764817499447,0.5972989660118234
-3.891709096468939,0.5882516700606362
-3.8713401324703858,0.5972813387973575
-3.8692873621313706,0.6136864110488315
-3.861273007452497,0.5989206672470856
-3.859120948495891,0.6007886773515793
-3.8526387998892275,0.5893634773053827
-3.84307958006136,0.601329914788216
-3.8309023424257918,0.5989824084506857
-3.829412957122477,0.5918482377216913
-3.8265740128821912,0.5836739470089107
-3.814884039951265,0.6011284522620504
-3.8006353847520877,0.5589646960921205
-3.794681196526686,0.5639159428814038
-3.775138984006443,0.554891476861565
-3.7537034143044776,0.5565435748257153
-3.741608748546299,0.5378443137995319
-3.7410376081389063,0.5391889623169697
-3.725752385571841,0.5265695784913247
-3.7245089478142015,0.5203079388111789
-3.721391609274579,0.5333412059162164
-3.69268168047836,0.4854758327238193
-3.688043683918462,0.472809510471946
-3.6738286441879886,0.4705763666945443
-3.6592729817832814,0.45231294254191323
-3.6538077774647784,0.42469525629733246
-3.6536769159216065,0.4471981073000242
-3.6388102657329724,0.41511814881841036
-3.631978183982021,0.4064129888214693
-3.6223324618932304,0.3966922303899899
-3.607064404889101,0.3736669450831705
-3.604831925033859,0.35149568385342805
-3.585632292342862,0.3456754187747695
-3.5847773625959043,0.3345471636410247
-3.564732758343193,0.3216316587856293
-3.553846711855324,0.30127051436959923
-3.5373807008897575,0.2749729161545285
-3.527702220175708,0.24631883152313938
-3.527257966804531,0.2619285131451762
-3.525697602879033,0.2591132047452655
-3.515579515432581,0.23354641752851613
-3.5020348370252927,0.2229121582324103
-3.499946394435327,0.23365931194212802
-3.4907355563156663,0.21756377216029127
-3.4886377752725615,0.20782545556987322
-3.487304151226067,0.1894307872520541
-3.484963186403652,0.1839340110209299
-3.483896623745397,0.2000719236778241
-3.481017804304919,0.20162054299021911
-3.4800521892735903,0.19468543920937537
-3.4698497801586092,0.18229074462585468
-3.4661440535129087,0.17576747502702658
-3.4643425166913,0.16862798956987982
-3.4627297322909065,0.18390836499767402
-3.460357600507301,0.17289056711366324
-3.433126792297055,0.13646062655739433
-3.412405796271881,0.10735135728182697
-3.406082292170952,0.09308212376062411
-3.3857548617742674,0.06754927580257754
-3.38354917620737,0.0789062116222644
-3.3721146963286897,0.057424410498563186
-3.3589903953932554,0.03821131203566837
-3.35529530845473,0.04476912453160969
-3.3532518349948406,0.05406675749978616
-3.3471885572441753,0.038452454310125714
-3.318099104273627,0.021636855641421912
-3.3173255185619976,0.008337391473090615
-3.305844271086019,0.019419151572386696
-3.294647315647886,-0.005799573430640739
-3.283952357989808,0.0011890669070854318
-3.278764629998588,-0.006489895737024231
-3.273112038051024,-0.014978225599730076
-3.253129769161185,-0.01677255292988177
-3.2409570492528417,-0.03913964343252863
-3.232664755872292,-0.03702546525389701
-3.232582354599882,-0.025637105879484683
-3.2126322763572035,-0.04084101572523481
-3.20546390356075,-0.04243886668760181
-3.1988402632222313,-0.060473947708663475
-3.1969141491516497,-0.057433913775903296
-3.187262509382378,-0.05345846814501359
-3.1773377995830843,-0.04718319593935856
-3.170907104860837,-0.05614240914969008
-3.147622445745176,-0.075424090146155
-3.14156840381546,-0.04875110658283523
-3.1129751429614263,-0.059162058710748665
-3.1123024126216983,-0.051369410337934004
-3.093037395288004,-0.07328100509411802
-3.0924088551579585,-0.060471844904543604
-3.0802744705964544,-0.0706760296334639
-3.0729687213570456,-0.06507627325373112
-3.068659986723452,-0.07294986185510291
-3.06849305016614,-0.06599976422310772
-3.06191136590394,-0.06488524670029881
-3.057315633586507,-0.04987843107229613
-3.0533096009017555,-0.060316179301973825
-3.0414627807298276,-0.044799597682502586
-3.035144744345507,-0.06899226447038859
-3.0326962547043737,-0.05909304098833064
-3.0315931192636114,-0.07100400095693617
-3.0250118587452137,-0.059166924929838334
-3.0118763193819307,-0.07034275228980359
-2.9856654217311096,-0.042864118643410276
-2.972431301579718,-0.05240492605067633
-2.9621575448136506,-0.060726809232176854
-2.9565682329696608,-0.06157596377118705
-2.9559880196466493,-0.05605559163184806
-2.950821951498047,-0.06399038659284412
-2.9416674414413038,-0.0666296434090646
-2.9364655975296072,-0.061760971255321165
-2.9342239908150933,-0.024019640473960664
-2.932370653876429,-0.03203655589555893
-2.9303709174260795,-0.05055372025576614
-2.911835418504667,-0.04163325751021618
-2.911698293229361,-0.047174750949164644
-2.9049423793216245,-0.04260582178429076
-2.8975673375639155,-0.052253346133769536
-2.8776986166445506,-0.057781334058081314
-2.8730342514274696,-0.04316589008754643
-2.867731553127364,-0.049531656689897605
-2.861683120042912,-0.050890381849014565
-2.853428533117568,-0.05659631031287526
-2.85212048647098,-0.04741907367958082
-2.8431339510874687,-0.05749541180813376
-2.785714084247921,-0.08373564152366234
-2.7784976285643683,-0.0863148675193211
-2.7640968282601595,-0.09536495064837365
-2.7638200456186137,-0.06712416555570169
-2.7472999201984125,-0.08272289235413695
-2.7359013766530427,-0.0862926247248883
-2.725162489201627,-0.1235294013170744
-2.723277352590159,-0.11766261068213171
-2.6914749286296824,-0.12860815806459702
-2.6782572205716884,-0.14241304096507076
-2.6718613101358923,-0.1525670586281935
-2.666033189488737,-0.15696214404995396
-2.6637671838589094,-0.15551413743820103
-2.632965048111439,-0.18787871461580133
-2.6274739070369058,-0.18472724682803895
-2.5751282861784883,-0.22911470696379538
-2.5699624921456756,-0.2627871197746804
-2.5494154497644237,-0.2778022589014269
-2.546038115084812,-0.2780883527887593
-2.5372747699998377,-0.28267413711009276
-2.5298222325514432,-0.30047798185967967
-2.529623087233135,-0.27249866653474897
-2.519489319574124,-0.3088491009215219
-2.5165336078690883,-0.3017941269947684
-2.5149742913765305,-0.3151866484227967
-2.5138543563422266,-0.31416368078397855
-2.5114498057809067,-0.3110725468513888
-2.505570054850441,-0.31181804826296555
-2.505567253395944,-0.3280736079529972
-2.493024663738285,-0.3363736997837438
-2.482644776941626,-0.35675874257146933
-2.450587400274636,-0.3788651118533927
-2.4473721308951535,-0.3963010659129957
-2.44733019904003,-0.38070172371994204
-2.4407102614442513,-0.403000916258413
-2.4307661180756646,-0.39432588845944616
-2.4252521150472353,-0.424132130769345
-2.413453340574858,-0.4266934357021948
-2.3980205566699873,-0.4290170905900542
-2.387870719808891,-0.4386283482766976
-2.375978953729152,-0.440063911770864
-2.3656460939543678,-0.46113673771517294
-2.36557389644255,-0.4633686368899311
-2.362880022862306,-0.4767982717131568
-2.3455751882777953,-0.49314551659057515
-2.340019379653624,-0.47911314495847745
-2.323575603748033,-0.48543336471042775
-2.3195734593394524,-0.4947879517749011
-2.3168726260908787,-0.497879869606909
-2.314383724567528,-0.5186713834648365
-2.2357767756446103,-0.5450376336492865
-2.2291149633735197,-0.529306453454466
-2.205074034952098,-0.5303526162916204
-2.1959527495611333,-0.5333989814528596
-2.1829393796077587,-0.5291469832568414
-2.1791855067143286,-0.5360048308764009
-2.1712611936483404,-0.529238879517752
-2.161550691777588,-0.5200639278689961
-2.150405209805155,-0.530792289737326
-2.1479284154323706,-0.5094947475153496
-2.142767113023314,-0.5379662705619216
-2.1426761148174633,-0.5081371179005887
-2.1414587230645243,-0.5128770162569508
-2.135342522666228,-0.4861600335616977
-2.1248103463575427,-0.5005076129378171
-2.112147459434909,-0.5078531640052729
-2.091349496994334,-0.4828854312111415
-2.0756878202207663,-0.4712882020672887
-2.0704081389679474,-0.4562622867129428
-2.0551332501538178,-0.41571573782760224
-2.020525702493864,-0.39380986411836244
-2.0127801644632526,-0.387506363008735
-2.008826049582325,-0.38357518187931183
-1.9886806391022818,-0.33387209849477284
-1.9815866109246114,-0.3350305343250813
-1.9775693832871677,-0.34259052251450106
-1.9744952159935392,-0.33916394151541635
-1.9498594050962015,-0.2851650009529814
-1.9248958383966688,-0.24356176160348342
-1.9082378140057443,-0.2027340344180169
-1.886721377883176,-0.15839510619361374
-1.867195189014954,-0.1351366954354464
-1.866141572254767,-0.10723988148080407
-1.8655209776306023,-0.1230797958628259
-1.8620195102769301,-0.09568186515714304
-1.844146412210419,-0.05190516914997298
-1.8401894660560836,-0.056920635591901636
-1.8380669965928975,-0.04697809462301031
-1.8010198318151116,0.011896026043412403
-1.7908046620126692,0.04417490663724695
-1.7807836574755909,0.08452263576211906
-1.7754643798473477,0.09396835599578704
-1.7734260516972888,0.08654696609817375
-1.769162217997616,0.11293496857859818
-1.7639932493072252,0.10297943845652363
-1.7636999286507447,0.12973497624258512
-1.7607148165194575,0.1120763320163122
-1.7528213856510155,0.15571939278873298
-1.7373853629114997,0.15060284340550378
-1.7364884277647983,0.16062371461515462
-1.7294978765602154,0.21021725992521423
-1.722635413221354,0.19805986499499167
-1.71736625434718,0.20806305272370418
-1.6915934448221503,0.2794877893632542
-1.679798318323197,0.28985914206325125
-1.6780734618771618,0.28154186468398945
-1.6744852499853033,0.29855689844965627
-1.67361318767421,0.2944215362021927
-1.6620266644584234,0.32855759213219915
-1.6318278335735839,0.380016824529394
-1.6311183177528967,0.39739911905466174
-1.6308619675407874,0.36774996590684095
-1.6221656820949981,0.42052391861793736
-1.6125591052705879,0.4188523190077378
-1.5982061304156114,0.4320800185632466
-1.5977896167764847,0.4184353019332873
-1.588140026263336,0.4573181310282777
-1.578596236944545,0.4737113257696101
-1.566842293698818,0.49508258828104607
-1.5529751390237756,0.5005228788084657
-1.538726966203856,0.5104644948219763
-1.53601738146536,0.5320472936672875
-1.5328838612118645,0.5442021132553468
-1.5286999863474904,0.5396423443223435
-1.5045635992209352,0.5446912509559072
-1.4754916820644484,0.5610617263907017
-1.4427942979843,0.5922128950894003
-1.442562056922955,0.5917143755286377
-1.4076530772504539,0.5899625889561411
-1.394638458291666,0.5959768052290401
-1.3801790986590898,0.5999360075070479
-1.3799926612802804,0.599362205727568
-1.3765102875552184,0.609510789190232
-1.3739724874899961,0.5898880980826271
-1.3395367223297692,0.5769819653851929
-1.3306618828981143,0.5847235126211385
-1.32466634361734,0.5874424979450115
-1.317277344198807,0.5820803098161255
-1.3147279881127427,0.5741559778201724
-1.3124948622506913,0.5830965825431795
-1.310558585014138,0.5698961696900688
-1.2956327875653928,0.5663416611188904
-1.2880304980576884,0.5639890680110139
-1.2599915593019007,0.5357880303538477
-1.2499714420723995,0.5303172165247949
-1.249692335124891,0.5149670455604363
-1.2227188257676271,0.5134807348464988
-1.2222597865140985,0.4822420359103263
-1.2151573835539642,0.4631814360141077
-1.1942539168428876,0.4661051162656232
-1.171454851185806,0.42111754526623546
-1.1613931348536721,0.40774588212009444
-1.1597448100596508,0.4097300652839756
-1.159634254444514,0.41690590612556766
-1.142815245939067,0.38218078194375465
-1.1263852789037907,0.37083004917293866
-1.1199892707733583,0.3677841796303955
-1.1084748178001655,0.3271779984673139
-1.092658704329288,0.305541666354112
-1.0854626213197696,0.31735893915752855
-1.0748715752589133,0.3023342362763866
-1.0628354596702905,0.27546086963361
-1.032768680279136,0.23345531022834423
-1.025282319968114,0.2191982938873119
-1.016190523167011,0.21462815356825798
-0.979894488506206,0.17350302158862116
-0.9709579558396761,0.1510113877932641
-0.9658440588387496,0.13924752296510043
-0.957959469458471,0.13841125637062104
-0.9492391306337993,0.13690270102498317
-0.9365540965001848,0.10788484033689687
-0.9340849208021718,0.1043886315600602
-0.9262758947498089,0.08254411590316257
-0.9132430247910293,0.09618804548177942
-0.9107704323926473,0.07067878535742893
-0.8779353664511689,0.05209692924558686
-0.8737550345526168,0.03239353206060221
-0.860122139029281,0.024153934156725315
-0.8575149418397885,0.022362331528158034
-0.8553788511099301,0.0354459182857529
-0.8543615655699366,0.01589814883972829
-0.8506534344557437,0.042949585359142575
-0.8453385648619385,0.009233791248996833
-0.8408380552161567,0.02131247501884077
-0.8395975271854041,0.018951965918610758
-0.7942814911188485,-0.02061917817073695
-0.7798767657290551,-0.0242629110473358
-0.7583057117352467,-0.03885501249203411
-0.7555243476800522,-0.04116923391007066
-0.7542857069261188,-0.03567039463438135
-0.7320013224110493,-0.05166872787721707
-0.7245289631144383,-0.052272695415034785
-0.7222263482022893,-0.054519084512824466
-0.6919625299697172,-0.05623211118471394
-0.6816099198031118,-0.045645522479718495
-0.6511320873115709,-0.06200186137583592
-0.6427899538057167,-0.0671574325173964
-0.6289386847908247,-0.07028800007476814
-0.6223783285875149,-0.07196983993084873
-0.6195494288245262,-0.051650696571615036
-0.6132620885900062,-0.06886527196855696
-0.5962628343153122,-0.06895546066660693
-0.5737199295431932,-0.06547874045292222
-0.5648241753062457,-0.0722425966248694
-0.5616458305888798,-0.06873383812132114
-0.5600503648496797,-0.04643456833117234
-0.5444119778018761,-0.05785541221300929
-0.5401366089097328,-0.05046459535698905
-0.53331808778157,-0.04570914416767285
-0.5234534222595508,-0.07207917821533835
-0.5067297522501724,-0.061430562691794234
-0.4977348495235514,-0.043466910731807556
-0.48504171569903587,-0.0521987571474485
-0.4689801113417804,-0.0436519780915101
-0.45995334878421534,-0.059925163630212906
-0.4519168920542205,-0.0424527603201897
-0.43840536255946727,-0.05202534254454302
-0.4310032360623719,-0.056869564975811776
-0.4263768025904362,-0.04749189621512214
-0.420597169445454,-0.050903474632992204
-0.41908820624344756,-0.07808117173674392
-0.40931195920264063,-0.05747954162955839
-0.3942727070638332,-0.051690214722544155
-0.39214486104000557,-0.060902603978416396
-0.3911475851248438,-0.0632122192184705
-0.38606171329606287,-0.07311282981182371
-0.3572584205589031,-0.061936426490329106
-0.35621824496632826,-0.08796479748482293
-0.3461579185908006,-0.053214759358231736
-0.3360197059406431,-0.06018379939626328
-0.3357181648428451,-0.05689991585599904
-0.32274356431796924,-0.09284717158244477
-0.32116900312775876,-0.07446678105354644
-0.3082951319234759,-0.08317751983246886
-0.3048954909638386,-0.08762861336517964
-0.3026840715992236,-0.08630718570302914
-0.29897153455090475,-0.09365676572482937
-0.29604147970477523,-0.08718622570133532
-0.2853995820848869,-0.09208041273156423
-0.2836542125175967,-0.10778489025114002
-0.27585312379982163,-0.08284789950163049
-0.2725197103433654,-0.10103258868177037
-0.2623505811468174,-0.0963960067421066
-0.2510322420805693,-0.11379265947272577
-0.24831691123582278,-0.12860609796972694
-0.23392946709188145,-0.1353633872108749
-0.21704909518010407,-0.13200136537607998
-0.20291849037612586,-0.13411793793819562
-0.1932365511415597,-0.1407969108476704
-0.17731509355266084,-0.1783209686232347
-0.1737179890567635,-0.18123084266633904
-0.16653806626785794,-0.18765711023801876
-0.15710527864456125,-0.19759431695499158
-0.15184946413089762,-0.2176749930703104
-0.13214620891520834,-0.2125950821667528
-0.12594728896496932,-0.20964830594085668
-0.09571882707892598,-0.2487636676279543
-0.09161978631402334,-0.2470564639360452
-0.08602674482062156,-0.2588817946199078
-0.07745716994897656,-0.279859480946587
-0.06099176187146682,-0.29819146184114775
-0.053516283166797685,-0.29175612099626846
-0.04030043935931449,-0.3274795492694019
-0.0375886979976956,-0.3184199778961929
-0.03121895040207079,-0.31382911801326124
-0.03080317588510262,-0.3206060808172847
-0.023363634024700097,-0.3308570674720087
-0.012898123008754148,-0.35417446124401963
0.004949675580250279,-0.3426305172607685
0.01302411377325452,-0.369579379859518
0.02179855309251355,-0.370437470673673
0.02739786570048608,-0.39386114071781525
0.029950322878919522,-0.36859220011596605
0.038121369511304515,-0.38924393459610795
0.040825911169823925,-0.39338617629596956
0.04499619006559996,-0.41051761757531974
0.04676833875234632,-0.40956814906197003
0.05327072722083237,-0.4183031417310614
0.057156943071237976,-0.4168249220491766
0.07040213311708587,-0.4262015866698003
0.07208834606935977,-0.42686476897881714
0.07601278004461065,-0.4391901979086844
0.0909764126767234,-0.43324488505444975
0.10629435831232659,-0.4872362539056332
0.1131858090429203,-0.4580672321147089
0.11368176197876778,-0.47162912119422506
0.14427206228221046,-0.4842757858454018
0.1549918218620423,-0.4847243110817343
0.15977108623882508,-0.5027569529197079
0.1786721836796854,-0.5200851313627761
0.18658322966714636,-0.528720944262224
0.18841155572867585,-0.521692457871459
0.2055414773484019,-0.5436813181371204
0.2140627232132939,-0.5357803714278256
0.22345685840225027,-0.5303784525495118
0.24630282219663435,-0.5384575692950337
0.2536598462798363,-0.5176634413830903
0.2554712498618592,-0.547649226292008
0.2578744338971948,-0.5360102775589788
0.30494752429667127,-0.5271827144725866
0.320882831774016,-0.513623302422361
0.3261758280830529,-0.5358877528310445
0.33017817300209096,-0.5363053878535696
0.3413747852925253,-0.5088354454721656
0.36322034552783933,-0.4917396619984869
0.3741350637574472,-0.4748204050383145
0.38394255940218525,-0.47660030696782774
0.3874716857530487,-0.4722777218219652
0.39970994578473196,-0.46705440927185865
0.4002229856147377,-0.4765156119541612
0.4015376235800012,-0.46273387437602176
0.41421226975486647,-0.4561452155584981
0.42494346308636466,-0.43924651202960474
0.43515597004126416,-0.4298651962345646
0.4369799128721912,-0.4240415418931042
0.4438046063474861,-0.4398742538309293
0.44821950082179907,-0.4121090030157762
0.45667770254263473,-0.3930714974004591
0.4592471605937254,-0.3963832762518498
0.45978100538418865,-0.3837306971977701
0.46307342819721686,-0.37498029545289646
0.46347996039228345,-0.388991962878348
0.4900498323617617,-0.3283256893943681
0.5112333036172148,-0.3169828936086834
0.5186950473148233,-0.291392858471585
0.5231410155504026,-0.28338334345748056
0.5300794157263233,-0.2630547836219669
0.5436274752119727,-0.2513150636366865
0.5534263265132067,-0.22819267547760042
0.5587052128818843,-0.24276335081544054
0.5858381493124565,-0.15555484278298015
0.5913488203891948,-0.1397016236706559
0.5955645162890653,-0.14501185555186832
0.610158839172108,-0.12262915705304472
0.6193087388177982,-0.1023492105461998
0.6328234776105468,-0.08517699727483057
0.6381672082728649,-0.050670054074598195
0.6419680986997323,-0.04450034954410894
0.6561725018633222,-0.007504407309422186
0.659332883109407,0.023204415269953572
0.6702844140650228,0.019393880758513036
0.6859127775571103,0.06101100701579998
0.6915250135127895,0.06897822388877126
0.7034929180794913,0.11666653810487233
0.71085953935345,0.12046290022377625
0.7203538512088636,0.13631270415024258
0.7479084541673764,0.19635649145042036
0.7519800582053824,0.218052820739817
0.7599663551235194,0.20194206896748354
0.7618207897316234,0.2366621075180733
0.7666641438420116,0.2485127701825039
0.7729754820258226,0.23414717351320788
0.7824175757928211,0.260890462404419
0.7977067975333076,0.29948669226545416
0.8059009180230596,0.311512418473995
0.8369547891052935,0.3564981445045865
0.8534990746082585,0.3912234090757444
0.8646420229495693,0.40036819496574133
0.8788926209590819,0.4199377584736301
0.89017744710622,0.4433561310937373
0.9026809331306946,0.47640782906397716
0.9035553991203713,0.47940291761045545
0.9078225812001701,0.47730410857026345
0.908941202582155,0.4954659645126717
0.9228320428229679,0.5020133127606062
0.9412816390487002,0.510476619637065
0.9578273222508171,0.5448712559797292
0.9996661889627241,0.5877247951739367
1.011915250581783,0.5667129396550239
1.0151993186195005,0.5879463676298381
1.0330860230825403,0.5861427708175232
1.0657092855370127,0.5962243685871413
1.0807669294802018,0.5884674237451268
1.1067342433824976,0.611618810008366
1.111408455187072,0.6045730444975161
1.1184055955125638,0.5709125958470831
1.1270462848372027,0.584830479784699
1.13141551246144,0.5918231235868067
1.1405284992329126,0.5829819683784846
1.1609766329705948,0.5716054475372241
1.169945638570125,0.5815679225212319
1.2077018383574876,0.5418829530421886
1.2123558206140492,0.5141700821367805
1.2207217675429902,0.5378675928183558
1.2228020754942044,0.5227461751008968
1.2241782972840127,0.5187131024596788
1.2627980673041774,0.4848953525575106
1.2666628132238582,0.4769891307433818
1.2677927068774428,0.48404483289192884
1.2685098002561146,0.4582702314823331
1.2895773870878822,0.4600317335952144
1.292963076064341,0.45463689756664466
1.3024114864550995,0.4318594835012767
1.3183178991328663,0.40942043766082614
1.3230828988944356,0.4042376194346078
1.323849024083489,0.3908137198321606
1.3239779575034492,0.40652976003523705
1.3355265040044086,0.3769172406797404
1.3476280641814862,0.38341652590903363
1.360594621338434,0.3534355491239354
1.365446894897076,0.3439656135639172
1.3781264401374171,0.33151049165745805
1.3862733804490492,0.32629617326458604
1.3911740297522215,0.32115421242816156
1.4003761336351968,0.2961451174090557
1.4026036664002124,0.2904669436572287
1.4046524694044251,0.28895463300583835
1.4109019541900638,0.29361091475775564
1.4131983822075558,0.2773926409145301
1.414662716535151,0.29079596601065943
1.423585955847856,0.2633131907783109
1.429609266729944,0.2773322500034617
1.441118261367901,0.24011219113805368
1.4462433665452954,0.23871076644159533
1.4473703149677153,0.22081668010073982
1.4477860876341806,0.23220354242442115
1.4493096020205165,0.21585578257080734
1.449628894775704,0.22523803146537347
1.462567905406873,0.19997889216890133
1.4626001834154678,0.21314501790208115
1.466319281113667,0.21192495626547403
1.5378203297507431,0.12198830442836382
1.5379147019009265,0.11260571162351536
1.5494360878529658,0.09493520164379277
1.5548360101599368,0.07621046948486063
1.5609861194369437,0.08065283419992861
1.569078783105196,0.05369189991243646
1.5945623307587864,0.046163363597472015
1.6076510593345672,0.0358424689311208
1.6098701210311255,0.029161447614376508
1.6169394351968673,0.022714505314161686
1.6204160283689886,0.03079748115927369
1.6319076510140054,0.027247036748764948
1.6420632596308673,0.009631969950693407
1.6452188979367213,0.017295431875394562
1.6481155909446121,0.00865341778882462
1.6532431952675282,-0.0032077561898557214
1.6776320583447895,0.00032753232008552943
1.6866166729600964,-0.01668798277074841
1.6882667197190857,-0.020875299960027387
1.7036710886134525,-0.034470538578040145
1.7044088440347842,-0.0347474972898247
1.7119570288017174,-0.030745280165068275
1.7265299660074138,-0.04328235710643441
1.7273972681174072,-0.046425989145867305
1.7500912956046992,-0.03452930977778216
1.7931744134995569,-0.05199399823041484
1.8041961249897076,-0.032259252551861295
1.82057550378636,-0.06641282338180893
1.831379798524786,-0.08081567663630158
1.8402581747363032,-0.05941012219711864
1.844183047381673,-0.05602615014015264
1.8621632073518546,-0.05954400975006181
1.8696267159034017,-0.062103166749498194
1.8781038890398154,-0.049357152674013485
1.8970126985740574,-0.06053816801154059
1.899591796746157,-0.04885516123482794
1.9141191017867563,-0.057152273910698395
1.9202135036387338,-0.06232095691716203
1.9472538562987607,-0.040913738820029924
1.967427045000175,-0.05400728908192165
1.99622098997604,-0.054488265386226274
2.006588425284126,-0.0588332071601335
2.0133750348493447,-0.055421652734890005
2.0206162784635335,-0.06788924796100208
2.041509958772724,-0.07259206529110104
2.0533659038003744,-0.06134503367524152
2.055717076677059,-0.059271977469212415
2.0609598777726044,-0.06990401886291023
2.0616299679318004,-0.0542075087319355
2.069172612743233,-0.04959770921947955
2.0925588318643715,-0.06313961332983746
2.093988408923818,-0.059816293773909075
2.105545393229505,-0.04590200629903185
2.1083695840988126,-0.06299910211136449
2.1127144593093483,-0.06736494182085959
2.120473467241343,-0.06871071771831659
2.1417800462041185,-0.07977685230899573
2.1511951997858914,-0.07493770625314956
2.1517808056878316,-0.06929677099077064
2.174505960263051,-0.0887727194826994
2.1770687356872322,-0.07437624085767748
2.1847320493063185,-0.08268846098046524
2.1867290807105357,-0.09671289421880475
2.1974800834313424,-0.09186826307075265
2.2029098495095845,-0.0909890122738363
2.2052498075985705,-0.08721268909218875
2.2100093966083296,-0.10578537311486705
2.2481211611660115,-0.1099427649163038
2.2524833933001247,-0.12600505291937103
2.2578051352307487,-0.14122179522455222
2.2720567410104318,-0.13762389183998422
2.295639178672885,-0.16373781171892943
2.3029131377957537,-0.15839642843740165
2.305203404438548,-0.18021138883548438
2.311752524392406,-0.17645833621771254
2.341652884567422,-0.2091148489036079
2.343986150455706,-0.20912543397261235
2.347923063324691,-0.21847111120446264
2.3565316485878407,-0.23134415301128736
2.381663186198818,-0.2680830840583933
2.3831715858675837,-0.24376397825183863
2.3913452757750733,-0.270121769885499
2.423194338632796,-0.29199179236476164
2.4271209144830053,-0.3053719631895797
2.435142718122152,-0.3108306380509604
2.4361094619565655,-0.3098726768611173
2.436786435904689,-0.29633634619122956
2.4493247663670026,-0.33029030663633546
2.4556117162031725,-0.35672196009463997
2.4659184477592486,-0.35629131600055036
2.46815869748516,-0.33276822468054346
2.479600621592194,-0.3568199526216027
2.4946702256150664,-0.39270993327468634
2.5061174800145576,-0.367646118720689
2.506731458621636,-0.3877494071657556
2.511062685497838,-0.4000148741919712
2.5158600231991066,-0.40956448867737394
2.522997178532618,-0.3916509254926803
2.535123985791077,-0.43662637007708044
2.561540929907796,-0.44900372854782844
2.563158983541199,-0.4459441673184479
2.5757344120511325,-0.4666956442517241
2.5882007195586167,-0.47245140305152394
2.5933843960939464,-0.4759616382389552
2.594915962223774,-0.4606682534257423
2.6059733921131425,-0.4850803303224214
2.6163438773776555,-0.5020559761556722
2.63339304053312,-0.5044119290156428
2.656989171629408,-0.5220284416710659
2.6677507561339393,-0.5200601022242213
2.673211429487492,-0.5343066175769788
2.675974432882863,-0.5039589081529916
2.6763346169352387,-0.5326419478569849
2.7080383786749076,-0.527975874481941
2.709149816430978,-0.535389475205278
2.7121036176442557,-0.5246131587993043
2.7142929388738555,-0.5402936744895911
2.7165444517797512,-0.5378060071924139
2.724898110721523,-0.5243280877637254
2.7272856483398726,-0.5344691915853761
2.76878345566068,-0.5461928037809358
2.772528514794831,-0.5377111390207857
2.784059016285701,-0.5327685833004796
2.7919340917148636,-0.5273592881648985
2.7974249483201277,-0.5422486924675827
2.806334266222361,-0.5318667129091563
2.8290103746234587,-0.5038284869516941
2.843580609138593,-0.4785577246140254
2.8436462099768463,-0.48355250333643607
2.8492347026982845,-0.49214877375375365
2.855260069597679,-0.4780353461707366
2.8552702462372617,-0.4810007106938216
2.8601383914891487,-0.4846627183674091
2.8636389813304755,-0.4717485812693387
2.885711278394771,-0.45894125044569983
2.889460947398142,-0.4601915104385571
2.9008030372704745,-0.4440728336064777
2.907648775994943,-0.42823393388377157
2.9082925421128643,-0.41944236012814856
2.914681175086489,-0.42680698552100504
2.9222910981533428,-0.4114425823996625
2.9239488152322854,-0.40814945391659174
2.93924474567984,-0.39797207910654203
2.950208128816449,-0.36141828843814305
2.9542032388414956,-0.3612104412809446
2.964771116356987,-0.35864767905566725
2.9689284829920224,-0.3616406231233682
2.9712487366959515,-0.336430398544557
2.9781876830202627,-0.3129272159944348
2.9950431773655453,-0.29788526670645504
2.995938515317187,-0.2883501791430439
3.0092766912002133,-0.2646782444770094
3.012723383951432,-0.24840239395385594
3.022013874766646,-0.2431989890491651
3.0316202245912685,-0.20490690735662034
3.0517044035993717,-0.1948321285566272
3.05239984859179,-0.1596175626691143
3.0562805912451925,-0.16865273891762303
3.080128975303559,-0.12390973453897172
3.0809556587680778,-0.10942461691114728
3.090446422878639,-0.1163618045771577
3.096893921661696,-0.07579643610265982
3.1017672050760225,-0.06085772663207924
3.1103101772155455,-0.05482628476402382
3.1300746517217437,-0.011278756096249391
3.1429212405863787,0.00891435750806893
3.1572151760603813,0.04980874623989677
3.182187479496335,0.09947797113687876
3.1993074689176613,0.1540888083122033
3.201894666204998,0.1527545322902158
3.2236789726830786,0.20185588641725036
3.2276698398965458,0.19615257033059771
3.2316884037716473,0.19411620934555046
3.2513705480785244,0.2519086912969553
3.2534896843647694,0.25504489749556825
3.2644390975241873,0.266961468973898
3.268047066436143,0.27919354844898425
3.279942288640358,0.3230209224161569
3.2979260862694453,0.3567527224497337
3.321539280854493,0.3992721653477592
3.33530388377676,0.41183019221852935
3.3380805830418776,0.4005193127829852
3.3625081704154542,0.4458518214548066
3.3937252197459884,0.49526653330867837
3.394314205055247,0.5146198444348509
3.4027415631645663,0.5209171686912838
3.4311071470708168,0.5505897680810607
3.4429365593757346,0.550270226321606
3.4457682594556243,0.5445441033141258
3.4458900650135593,0.566162087653004
3.4474627385581478,0.5416241385832139
3.456506408487664,0.5545038253923052
3.457500306395211,0.5711900844444343
3.469108056723563,0.5709433256629445
3.4729332228514096,0.5675774992227324
3.478263472130042,0.5761048842184887
3.5045708829437814,0.5829799890969852
3.520351262282027,0.5670728398945484
3.5237435262331154,0.5904981568003368
3.534708311549487,0.5859361146966061
3.556021022651395,0.5848628885474944
3.556647989443027,0.6016533544369954
3.55939420141892,0.615432387386283
3.569907774963953,0.5863052621230971
3.584583639276264,0.5882599373242681
3.587315822467593,0.5807199762554096
3.5962934987525266,0.5965220037458188
3.5988617956558766,0.5959992890552523
3.611805247719266,0.5831362027635519
3.614069568306494,0.5953491827847239
3.615897872732946,0.5718527477196214
3.6180338443211753,0.5858595826681484
3.618389584436052,0.5938025274906347
3.6315071092491618,0.5702565477863618
3.6475408918065337,0.5598413284843087
3.650952676802376,0.5608675487246692
3.6566027384280044,0.5575156414020446
3.673298016827017,0.5418504227439981
3.6812212937257414,0.533644087535598
3.691896652125603,0.5215942043961957
3.692785854874886,0.5032042154548049
3.708299460501351,0.5144569428035014
3.722212031662309,0.5167077710947315
3.7383954947616562,0.4776457443805098
3.7410624400401744,0.476333351323607
3.756135197546172,0.4628762516797323
3.759197195896075,0.4449310407533016
3.761516607458166,0.44220907119095965
3.7633000054201773,0.4259073267262905
3.768349270720165,0.45674191331254943
3.7748310363788775,0.4313988859894635
3.7772409684545956,0.4194171840241101
3.7839807369872887,0.4237469644701295
3.7903316407994385,0.4122902290567196
3.792372620542281,0.40185588185814464
3.815086177239781,0.3837298300269303
3.819279856548217,0.37371193683844384
3.840079031417659,0.3453223579562869
3.8474599617195047,0.3296909985937212
3.856519659185695,0.31219370250570827
3.861357029442571,0.3000120484380705
3.8691046358148338,0.30545597365896726
3.896131158885556,0.26521952017489037
3.905772296111641,0.2504359328378482
3.91668481570904,0.23174855019443727
3.9344011917903536,0.2043839951640465
3.9368980648868153,0.22158046981069215
3.941106107672079,0.19063233867514423
3.947958577622769,0.204467253236225
3.9517930789842453,0.18156725466452997
3.9682410532369143,0.15922885134285228
3.983644559108461,0.12912659906299387
3.9954769433502477,0.13212515133260988
3.996540137894824,0.1290983650749852
3.998501937224143,0.1231784947178508
3.9985130633281756,0.11695388290081019
4.006815364906522,0.11829423640327054
4.021210967074458,0.08322618034471302
4.031523875015187,0.08410351587912679
4.047439854046273,0.08479070211392219
4.0492210608829655,0.0757558380704202
4.051456772452227,0.05829681916169535
4.052497913259748,0.06911095684372284
4.054469836067415,0.06669499983586395
4.056936129185296,0.08248673491843748
4.0923967975375195,0.03907140774169231
4.095710165341268,0.04414966490384476
4.099143039443177,0.026806741957454725
4.100337836606393,0.03018221414984145
4.116005458350481,0.003055699667281143
4.123662632072415,0.017310023451926358
4.1338308877913015,0.004362856613186345
4.149745698103725,-0.030614638611462852
4.150651018401076,-0.011560506514801751
4.15881096453111,-0.012942266680745097
4.172224234449477,-0.002463326142084707
4.187387590387907,-0.024085125533376637
4.188651833015825,-0.026895060075957412
4.199316306667795,-0.04277073126447793
4.212230686203283,-0.034841189522216744
4.212235988852296,-0.04829864368461306
4.2124878950212015,-0.05532579656695663
4.217049507524779,-0.04722614642687742
4.239012252864457,-0.04591108278803992
4.2509448497615185,-0.048421890251710065
4.254985466090774,-0.04856462763166879
4.257203755430615,-0.048010490014604654
4.260593534882256,-0.04657108598928937
4.26134756983766,-0.07622849146311597
4.261781347607059,-0.05908938425070249
4.271630249300033,-0.0614017332978584
4.283656146109124,-0.08213594812160732
4.300853975313636,-0.06775136571543436
4.342377542676182,-0.05608186711615412
4.354937175113607,-0.06555312228784052
4.358112414068607,-0.05123667350134107
4.360774847250019,-0.07087758849070036
4.361329490132293,-0.06487943220647749
4.376848479282771,-0.06343955066480648
4.381785469369916,-0.05765178045827101
4.402655834796338,-0.06210841068209765
4.423323485948217,-0.0440222351280901
4.4275158807471495,-0.06445429856294033
4.428018174564022,-0.05695567164529391
4.4395504265498325,-0.061239716976403256
4.4584768497409595,-0.046589990054212216
4.473273376896662,-0.06734549009224357
4.4763572882628075,-0.048640183668841507
4.479691220984085,-0.05839804668979642
4.501894683163508,-0.05907234052294483
4.5111464707975735,-0.04261122517204115
4.517505175721032,-0.05659269213103237
4.524512022486748,-0.06360704258981702
4.532377525190631,-0.0472911896702398
4.532842914413347,-0.048854883750352684
4.538341509612508,-0.05105700155943371
4.554639458545566,-0.06005745276689639
4.570773885418115,-0.061847692953198856
4.571322817853629,-0.0796142690221805
4.572808737379214,-0.05888266189927338
4.576755918125489,-0.05828177584588409
4.601154808609415,-0.04111767722926969
4.639927990559588,-0.08179005160619952
4.647502009771756,-0.0724979176380273
4.665277514000184,-0.09196600350767013
4.672274486398228,-0.10158341350566308
4.673563280588146,-0.10401091285649369
4.676147298266255,-0.0959126276315632
4.695862706334079,-0.10484388335618565
4.7102320515215155,-0.12871203289405664
4.715790915013521,-0.139168703376062
4.716280441353927,-0.1307617255341368
4.730793179337553,-0.12757107505987275
4.7361864006042005,-0.1384308124236428
4.7614015757679855,-0.14493440963480178
4.764572996347798,-0.16206283666435772
4.767511769365969,-0.1613661520123531
4.769265443417774,-0.18117976449562168
4.7729671020469695,-0.16397475904969683
4.775727219586628,-0.16855189499777262
4.795761350719907,-0.19797512709410728
4.843096109367632,-0.2500726640166093
4.861082324798456,-0.24869646446137267
4.862227537629874,-0.2680364258662654
4.863555491955356,-0.26809097303624346
4.878346218182742,-0.27152003107915446
4.90548867032938,-0.3133041120195251
4.916185285672437,-0.29967680311001477
4.932693490329594,-0.3359199850795878
4.941603926457201,-0.34028200599158165
4.94389789111775,-0.3410997251574822
4.945168064948337,-0.3242282885752458
4.953841683697153,-0.35370448844167707
4.965661361424518,-0.3557669715048332
4.971509999861135,-0.3733941648055949
4.982032451817682,-0.40381151357824574
4.9827120042826,-0.400136968008684
