n_harmonics,base_freq,magnitudes_0,magnitudes_1,phases_0,phases_1,instruments_0,instruments_1
2,2.908460904396194,0.7285281454271385,1.3568954658360295,5.8352278635924195,5.037067287726239,sin,sin
x,y
-4.987899759993452,0.743277652682964
-4.985168817722071,0.7543702125900541
-4.953963508584484,0.7849025669550306
-4.9488602071162715,0.7709704882723345
-4.943608855606754,0.7759725633268918
-4.922154768345413,0.7596635209172428
-4.909756035463683,0.7513255716116768
-4.908891540999565,0.7546702082977685
-4.895102037035847,0.7240954681226365
-4.890903002098962,0.7119378400920319
-4.873348163688279,0.6743488420513051
-4.864799796323606,0.6517975198311049
-4.86189438557838,0.6331079799595193
-4.8593946033642785,0.6159398905515833
-4.855951879176956,0.6198829349665863
-4.838898128331003,0.5465221326363013
-4.829415247411194,0.5169876129211
-4.820974883915556,0.47167260519593995
-4.819607228552374,0.4581433617979554
-4.802978382916775,0.37040122955624355
-4.801465811673021,0.3592855348445665
-4.796896952713514,0.3279408984966381
-4.795975197689053,0.3252191563639037
-4.777809410466291,0.22978140619962464
-4.776246419618579,0.21392969195171488
-4.761988799686802,0.13514723323615513
-4.761678695943358,0.13393485878249345
-4.757859599301344,0.10340411749650795
-4.7571945676905925,0.08510635256166171
-4.7410182314237534,-0.028575172592088527
-4.727525074768949,-0.09306202537251446
-4.709314791979372,-0.24967018466615382
-4.695351477781374,-0.364318598770232
-4.681224233859714,-0.43811935406863894
-4.678697718120892,-0.44262203253496873
-4.651649860854347,-0.6870830998685596
-4.641936674649415,-0.7431195365266937
-4.624016950679145,-0.8855247070583546
-4.622449975510923,-0.9052832253428802
-4.618984904319683,-0.9093967105919877
-4.613576970087081,-0.9847181365554862
-4.603945960672133,-1.0252157765971792
-4.560398929815614,-1.3157024213978716
-4.557528981307838,-1.3398171767513654
-4.546274326002165,-1.394760155381703
-4.530525444099629,-1.4883966683350296
-4.523690193120595,-1.5108830363746804
-4.521370862966025,-1.5344366137505394
-4.490915696364518,-1.6642793258045407
-4.489138196818358,-1.6442349271668313
-4.488514850588462,-1.6519772160966932
-4.479187912838123,-1.685004717045761
-4.4735139831527135,-1.6968320536717474
-4.462353923705674,-1.750836140836854
-4.434764621672146,-1.7977846710356606
-4.422815407958131,-1.8038187368831637
-4.420860869161878,-1.7873254199324906
-4.414825509609882,-1.8151732069748403
-4.399908313163584,-1.799295941117831
-4.398590049446492,-1.7939337633900585
-4.394162123393542,-1.8054292691857912
-4.38396694461623,-1.7605925293665232
-4.368309358181679,-1.7597207822374479
-4.346999830166968,-1.6976740751161106
-4.343618994797023,-1.6972820004751275
-4.341818583452611,-1.6858303979205718
-4.341761917702122,-1.6713117996844775
-4.341546405254018,-1.6628694903528316
-4.337535374199614,-1.6799826870456624
-4.324403828065363,-1.6135708627754204
-4.318960960155589,-1.5992443021254914
-4.318106400316541,-1.591541117782213
-4.308656453677129,-1.5534139892458751
-4.303291204920374,-1.5144402265864456
-4.302807427335242,-1.5207351576797743
-4.286994518286633,-1.4436856472527053
-4.286010310562545,-1.4118289601590237
-4.284380839130214,-1.4248871260291178
-4.2751044272957825,-1.3675431898247628
-4.272596175375756,-1.355168408452517
-4.267536015761753,-1.2931210929413959
-4.262805074866499,-1.2913842900852222
-4.244099955772066,-1.1340968229070072
-4.223356978425036,-0.9879431984838192
-4.21969648817926,-0.9405074870610053
-4.200428881823061,-0.7725463402764207
-4.195820576729007,-0.7460873338495537
-4.162282495170272,-0.42559853059672964
-4.1566824813152365,-0.37188742173709505
-4.118677696099046,-0.006817993389002647
-4.099497062674909,0.2072260504824198
-4.0862269721197455,0.32204210856315074
-4.076812261843175,0.4201776079080372
-4.064035822056146,0.5061500091709589
-4.057847493918922,0.5950236976065818
-4.051747983284402,0.669290594106268
-4.047344923247174,0.7085181887282994
-4.0460072470462265,0.7088155744376946
-4.040246499922056,0.7676005903163865
-4.034337419896548,0.8303556780412635
-4.0332971028101925,0.8383964840370335
-4.027704508963138,0.8714212069449935
-4.022989329609721,0.9255043486995405
-4.00702211973775,1.0637979822351042
-4.003243412320511,1.0997485038484573
-3.995908349083469,1.1578924320186217
-3.9937193693968576,1.172410053657471
-3.9839109035857643,1.2457877831950983
-3.947244521965737,1.5071623561121008
-3.9303491900358942,1.627111258570641
-3.929508997621929,1.617372788263523
-3.916570275884702,1.7006014592323206
-3.9134059139009194,1.7135025216103885
-3.913022296837403,1.7026886063261863
-3.9064024190652713,1.7551824316167393
-3.9017035462724703,1.7759842781998885
-3.875330388189165,1.8508784914129885
-3.873019028530874,1.8854768860930151
-3.8700859721695813,1.8943426634262617
-3.8584709251087213,1.9232093121136948
-3.850517705011378,1.9449299938871887
-3.795450905743698,1.9550922962356339
-3.7893405059539287,1.9717242430391821
-3.759408384521503,1.8937640297172038
-3.7367412878683037,1.8142023520850097
-3.7348852555376033,1.8243622170404377
-3.725825354132791,1.7625686223860908
-3.7207301959531414,1.7592789171940295
-3.704873249240527,1.6895460803177433
-3.677142331201124,1.5328335631951686
-3.6348624178017044,1.2676520511070588
-3.6174267870613166,1.1329432843423486
-3.6163442306360247,1.127805753244985
-3.610272152837707,1.0768335405976814
-3.6069785476489225,1.0524189764873073
-3.593662044409589,0.9486446550809174
-3.5884017252110967,0.8862575626524715
-3.5824672665791892,0.8436327885743712
-3.552170062978689,0.6157703399283058
-3.539741636813294,0.508671311754958
-3.5360575170641706,0.4549150360419988
-3.532723505890718,0.44487100183454936
-3.521055698264056,0.34635769128700966
-3.5185811062312613,0.33037243536186034
-3.5169958590819093,0.3144683472544918
-3.4909351088890714,0.0895283980004946
-3.474286804157206,-0.04780674848957257
-3.4386922656332564,-0.2970033317194335
-3.43436080882804,-0.32843440378027816
-3.430449261161319,-0.3585323046032285
-3.423474043866027,-0.39136681846358246
-3.42298252566387,-0.4117220923584452
-3.4049086388809235,-0.5131679803453386
-3.4044397461047393,-0.5088838567842977
-3.342555883594336,-0.8125000363528936
-3.3049110356999445,-0.9209832669259141
-3.30406955413022,-0.9221974887014235
-3.3015039128885535,-0.9251301348506129
-3.2700148272838225,-0.9607289085307001
-3.2690048540186476,-0.9883875162908763
-3.2570165995353415,-0.9865731324754112
-3.249859398621977,-0.9814323628886426
-3.216575636320047,-0.9490335433542888
-3.2082395151883314,-0.932371429822751
-3.199630400860146,-0.9297560976159964
-3.187038193226839,-0.8877782068848231
-3.1777063751961876,-0.8649103868034008
-3.1682799140553044,-0.8078670723711472
-3.1629723316169445,-0.7972217429110617
-3.1578308768049568,-0.7845244590327455
-3.1425903739917715,-0.7357144781336218
-3.136779763060135,-0.7061451064297367
-3.135856725891842,-0.6992203313325366
-3.1134231115319033,-0.6010476891759825
-3.1114499463549103,-0.5832725409376052
-3.1061436768427764,-0.5923613151052097
-3.1058762484035074,-0.560260311177011
-3.0831528936574992,-0.4611482604728415
-3.0375861205584287,-0.20928316319551524
-3.0267673440591136,-0.12793422657239248
-3.0265459723614274,-0.1261661481775105
-2.995243816310915,0.0393977906543441
-2.994477339660271,0.05695903195779637
-2.9880086333183065,0.08492735517324608
-2.9876869445200627,0.09332544451376987
-2.967990331824458,0.2162350095130107
-2.9531955589975825,0.28686200446789817
-2.950002263987602,0.2942104830472115
-2.94994959194994,0.30536345777734214
-2.940074803093602,0.34774696830656976
-2.9188266996979273,0.4476702630541251
-2.9142731888953577,0.472120633096123
-2.9094982001387706,0.5063789883780033
-2.9011844701038827,0.5450107500720365
-2.8901521626264595,0.5821078859791553
-2.8731789453724343,0.6414121395802396
-2.840144795666805,0.7154683547984876
-2.8358358446479768,0.7410329273741548
-2.832218559084395,0.7345876152224392
-2.8232398338253373,0.752554840104737
-2.7960810779364396,0.7612872200590448
-2.7940247139806584,0.7935718558909739
-2.788448104778267,0.7786650640870721
-2.780247420855887,0.7801704452896794
-2.7729251618791317,0.7661759141044577
-2.7407474795570375,0.7306705118532075
-2.7254476211837506,0.7044433746488201
-2.723203250544638,0.7040034063065452
-2.6879180226996824,0.5990512926272371
-2.6872288682836922,0.5989667047412117
-2.661903005594175,0.4795032248813248
-2.6475780313450836,0.40737449909525064
-2.646268699701513,0.3905881861892526
-2.62220356534295,0.2593117747921504
-2.62033072641135,0.24689716922205088
-2.6164820646053566,0.19414669339734048
-2.6052829177285277,0.14251242911421175
-2.5706910422145155,-0.07122464118541426
-2.5673902942268567,-0.10087301138825347
-2.5619731368662837,-0.1426324321494007
-2.558072797812736,-0.1703768412938107
-2.55695514136021,-0.1842459137316643
-2.5533209625681375,-0.2091267314428764
-2.5383944047240616,-0.3178589744152053
-2.5338931193572947,-0.3573776408076412
-2.527604090922498,-0.4296574634638011
-2.521864205508747,-0.4485300969967536
-2.5216464476031195,-0.44487776895549647
-2.4864823854464824,-0.7093025605414292
-2.4854510221503503,-0.7445546453517538
-2.448810714942009,-1.0010307520187183
-2.4425907925728985,-1.0391783025273285
-2.432582354102353,-1.1131172910296803
-2.4294296741245835,-1.1407691391311647
-2.42120675417699,-1.1775046615882052
-2.4185119759930327,-1.2101995736455855
-2.4155443227226425,-1.222899888745637
-2.414697524070215,-1.2379174686917525
-2.4076888065893143,-1.2806931347214376
-2.353283506930274,-1.562415158888039
-2.3310959535393536,-1.6591979565156498
-2.3248306557177667,-1.681304849044372
-2.3194856471036127,-1.6770754982340148
-2.3182889186299094,-1.7061682551653792
-2.307722768705723,-1.710214213255178
-2.306572356637587,-1.7352880718638697
-2.3020187499457903,-1.7523354868546623
-2.297704566120654,-1.7427342734440148
-2.290678231217933,-1.7636282254591584
-2.2865808306697213,-1.7805989912350582
-2.2722766808858097,-1.7811031590909046
-2.267898297022052,-1.7976422144022834
-2.24815358829943,-1.7936379664185191
-2.2372056779952976,-1.7967076365530816
-2.2366600305241024,-1.7912214052284574
-2.234934376539237,-1.7875922010582266
-2.2325412603393655,-1.791965342888485
-2.2252407959841367,-1.772643906689641
-2.22273481807476,-1.7514270255248756
-2.222011651788327,-1.7913319214630283
-2.2186581033837207,-1.7764998386290631
-2.207371394878128,-1.7693664426272246
-2.1993715462193366,-1.715224633267793
-2.1905689056391022,-1.717065588317433
-2.164968044230484,-1.6347783898605037
-2.164023647534524,-1.6233096487831442
-2.1621073539842985,-1.6244061935138394
-2.160070435656328,-1.614027908440282
-2.155667486409424,-1.590848106949375
-2.151723750210204,-1.5687255599754955
-2.1120265249792283,-1.3369053362516998
-2.1087693275484156,-1.3263122278567503
-2.1085073470736337,-1.320396482380239
-2.0974246794766014,-1.2307597177426775
-2.0910906603166124,-1.1757760898820437
-2.0871127495168675,-1.157932516732461
-2.074331070309597,-1.0603496723738135
-2.068486307496271,-1.0262226174857363
-2.0642406541343936,-0.9848420881619948
-2.050727806827811,-0.8628286255313107
-2.0328682122143182,-0.7067547836183699
-2.0198095096306536,-0.5968305499672687
-2.016854593606073,-0.5894567640610875
-2.00993839949417,-0.4978628904827828
-2.006561127800607,-0.4647810662795549
-1.995417466070407,-0.35996991611573265
-1.9819944765833117,-0.2391027274981488
-1.9813795339208653,-0.23635015048645397
-1.9811068376605014,-0.22120305468428192
-1.9810564414673482,-0.21494870658483523
-1.9778285497731085,-0.18887432298923004
-1.970110134369306,-0.09353359673430708
-1.970073529513411,-0.11952805437471946
-1.963656232945561,-0.03134520829084046
-1.962602422994273,-0.04151826506872882
-1.9547997430717912,0.04022792411256375
-1.9231240369759952,0.3618259335745374
-1.9013855232912578,0.5973256927017466
-1.8983189084507313,0.5817431066319315
-1.897853511865665,0.6043758750988307
-1.8929090765882584,0.629464199194467
-1.8903534932690902,0.659577669155443
-1.8808650177319475,0.7758790440358888
-1.8660179471211222,0.8987155083276538
-1.8599180217463527,0.9546223396483096
-1.8562451090582641,0.9864420310875456
-1.856019405063014,0.9884444275803026
-1.8485003330611285,1.0294579980543053
-1.8467616434388825,1.0827886312866373
-1.8435687100072853,1.0863962978893367
-1.8394875437212175,1.1437281854104207
-1.838059977693327,1.1475866228118463
-1.8135721295025977,1.323245677496112
-1.8064571872159005,1.400611487306827
-1.7771523941465874,1.56290139455423
-1.7672502425819214,1.6591277798985555
-1.7653365709255278,1.6397076413352023
-1.7648189090692536,1.6484317227685839
-1.7633628912693897,1.6798999230719707
-1.7528135662784115,1.7155968880295307
-1.7463613050308755,1.742990955336164
-1.7282384627920075,1.813114458311118
-1.7121727474547246,1.8643406066644184
-1.7081177454503047,1.8761263944522655
-1.7064851017033735,1.8945520844722221
-1.7044623400337757,1.8939234513568737
-1.6881823521170194,1.944527037716167
-1.6534136392064838,1.9650632056931079
-1.6519823422055468,1.9528784114124838
-1.6495211638998253,1.9732372959835653
-1.6482023977074767,1.963519828571509
-1.634872099180317,1.964729061332955
-1.6272291917509598,1.9458008793495907
-1.6114414847574663,1.934670139183002
-1.6072869536471623,1.928956125685977
-1.5754596330744643,1.8386365898255284
-1.5518890496272708,1.7282319211156003
-1.546726705193401,1.6911413082071276
-1.5342774474847842,1.6317072244851265
-1.5203558276177032,1.5781589839294758
-1.5148306861127492,1.5321233902619669
-1.5069006157089468,1.4883450619751741
-1.4937390862023623,1.3913626296196402
-1.4921282260322721,1.3772490476780448
-1.4858086922468283,1.3268207699899166
-1.4742615910295855,1.2607671072838869
-1.4626417543796655,1.1702906392762498
-1.4507564079423494,1.0930173908227885
-1.4492040111008064,1.0771331438948157
-1.4489266600628072,1.0528318236885659
-1.4393682855633338,0.9776424220451246
-1.4347158837961338,0.9709819418678609
-1.414379369301304,0.792233500488106
-1.4016031324240252,0.6796423444117979
-1.3953458284012,0.6191004317228458
-1.376097843256614,0.46388056311625764
-1.3658802465891293,0.3956324901276546
-1.3629283557590899,0.35643353793700283
-1.362488579239308,0.36411538432523255
-1.3598036767302535,0.34047709915027446
-1.3545892365661683,0.290187019835882
-1.347831930553193,0.23814762994775168
-1.3447511498266405,0.2193167731350445
-1.3297840386208124,0.10536566478575637
-1.3285462072498602,0.06742883416499824
-1.3149542983757243,-0.02479736336260312
-1.288757152443826,-0.22869146175329877
-1.2868605146887147,-0.24994615459617125
-1.2865344463450459,-0.25058533432702074
-1.2750807275279241,-0.3112677902153298
-1.2724306912364147,-0.3401212095217238
-1.2496900107257924,-0.47517435270936914
-1.240074393194499,-0.532321849785922
-1.2337893591922047,-0.5799878104581927
-1.2299565439562885,-0.6052476306986427
-1.2098559976522392,-0.7144159105053688
-1.2018681142605345,-0.744459605133675
-1.193328616511228,-0.773822205356159
-1.180848270845325,-0.8058678620087674
-1.1807452297930263,-0.8277937136645179
-1.177220849797167,-0.8188922914538045
-1.1497508079249155,-0.9120920305847554
-1.144857586255339,-0.9190768383540688
-1.1356910831534095,-0.930598841443653
-1.132473539868628,-0.9309397170603009
-1.1237399525074867,-0.9473484550317994
-1.0968065413370365,-0.988220632569316
-1.0961214276037987,-0.9583700201481747
-1.0876959515675058,-0.9717278329787811
-1.0735092651774214,-0.9794529670894763
-1.0721766921067823,-0.9688792951875457
-1.0636506621998585,-0.9744826133766094
-1.0494545370592667,-0.9399607244321949
-1.0477542573142418,-0.9329687710522604
-1.0285316838519054,-0.8777472659002812
-1.0229837791998388,-0.8565380003548833
-0.9777572756762831,-0.7115186263051149
-0.9723695812380093,-0.6982148160853213
-0.9270221258655189,-0.46490212660485325
-0.9258114452583657,-0.46428321122420396
-0.9021742349891051,-0.3375426797791613
-0.8893690975716853,-0.2704722727846873
-0.8887734503243658,-0.24690776240973183
-0.8161756652322758,0.14027874602980897
-0.8101368177581323,0.17918470383007343
-0.7919792809887998,0.28009796140210486
-0.7865101273937061,0.3295317207078146
-0.7717205143875283,0.3954584169018024
-0.7711908007946366,0.3801442150147522
-0.7577826313328453,0.431120272638355
-0.7437003040791215,0.5065786434551847
-0.7294009161857309,0.5866901086777783
-0.7109015882481486,0.6429698472867058
-0.7023786605361266,0.6668716273091041
-0.6860702657228934,0.6766540190557713
-0.6826361463684432,0.6978624620456455
-0.6741719285870049,0.7161793013710539
-0.6713789521447637,0.7323245614878827
-0.6695996251457235,0.7390734859525894
-0.6674541617195819,0.7470763063168513
-0.6513056718582835,0.7669133705100956
-0.6449890046280293,0.782711085421728
-0.6352602161458751,0.7787100702313585
-0.6320340715307555,0.7746022870402536
-0.6287955649638208,0.7685829632141817
-0.6215188974161592,0.7752152129022414
-0.6128565127436838,0.7780283526343728
-0.6064529367406459,0.7818765567728863
-0.6037098423748999,0.76460300287062
-0.5971086011359619,0.7553631431441614
-0.582587461425125,0.7456691631087977
-0.5727142065617565,0.7059066246778093
-0.5700376011533637,0.7093273308505541
-0.5682367055945576,0.7079840036366781
-0.5591180096691106,0.6889076507446327
-0.5576196915803795,0.6936633969811605
-0.5525664666267591,0.6727322511155163
-0.5357217019474403,0.61214943938021
-0.5252859456532297,0.5805318348275565
-0.5203060068861696,0.5567644435771189
-0.5161024834028591,0.5442515624130042
-0.4905285036445628,0.4148801316681749
-0.4593101050082442,0.2311174149691889
-0.4462624765429286,0.1629019605983511
-0.44175870850176846,0.12638669596822702
-0.4242778742122084,-0.0033300285724279528
-0.38684286038685833,-0.2558988419872818
-0.38145529772551257,-0.28949886312494616
-0.3787479724806664,-0.31927103013696323
-0.3771109308571585,-0.3170471554922706
-0.37703514642861613,-0.34515352534238664
-0.3722241160286952,-0.3620444888906251
-0.3614909395215964,-0.4507054192680898
-0.3488542172769833,-0.5283722347511289
-0.34495747999190485,-0.565346620726062
-0.33492819037418364,-0.6613411167283575
-0.3309285634950756,-0.6636901045525001
-0.32499039839385624,-0.7305101537504146
-0.32223111698209106,-0.7506328989537875
-0.30036114386922996,-0.9200467775952598
-0.2886620310006798,-0.9862143410823445
-0.2786811330051151,-1.0774130000787048
-0.2650774111903429,-1.156688183154009
-0.2605933710432069,-1.1882754689056112
-0.2601755074496426,-1.1789362246871706
-0.2325670875339183,-1.346457175127294
-0.22832693532248172,-1.3909744977509253
-0.20780561651425522,-1.4854498908993932
-0.20504815526907993,-1.5043348486334616
-0.20137581886381017,-1.5164983852216471
-0.17083672634889346,-1.64634241609026
-0.16751781983729952,-1.6610343239972647
-0.166592380141676,-1.6864083211884582
-0.16277823021729976,-1.6984245634837065
-0.1451040143634117,-1.7517802793750188
-0.14047900743681918,-1.7482754605416309
-0.1340012491154834,-1.7728073830672113
-0.13371197758538322,-1.76702952902815
-0.12340590276064134,-1.7681898534868281
-0.10611594281792502,-1.7937846234528243
-0.10017503272022665,-1.8033283957799937
-0.09997679142317217,-1.798429337206508
-0.08443770303613896,-1.8003794517297929
-0.07368914768717261,-1.8034716541042106
-0.05975556969674933,-1.7660073726402856
-0.03655707856989743,-1.7378450468240554
-0.009851845836196915,-1.6457651300192493
0.0077764392342789534,-1.5830920099538905
0.00899254321580134,-1.5752876482722793
0.027794948813140152,-1.435772408076021
0.028229821636305275,-1.4533386526266256
0.03551727305078778,-1.418480230520117
0.04257309376199814,-1.356591384366158
0.06391409466764841,-1.2264333045372555
0.07525858351217796,-1.1591283479686252
0.07539258405983329,-1.1509548658227908
0.08094456517819992,-1.091661725411566
0.08216333299179013,-1.0876146032784437
0.08261601794073403,-1.0977292924824344
0.08341705070662364,-1.0787172448086109
0.09341050594923495,-0.9945789918030813
0.09656657552235792,-0.9873601856196965
0.10373551121083935,-0.9139912909146527
0.11031459583640402,-0.8655305355140053
0.14051003624914138,-0.5772425192049483
0.15897165412419678,-0.4106302861513147
0.1687834175947529,-0.32705719615611817
0.18272470365238025,-0.17876556847980388
0.18509178425850692,-0.16951564991815019
0.19023757167011368,-0.11121947941778033
0.19611919523527277,-0.0587738260216193
0.24814190135109548,0.4709133683844532
0.2569627885791075,0.5475652149808529
0.265401289962508,0.6266322187774188
0.27855795855101473,0.7679804095749578
0.2788937345239395,0.7927218229043946
0.3046028633596185,0.991571275105048
0.30705378438326036,1.0133389769722903
0.3176173937898863,1.099947804273889
0.3217312227002651,1.143845568035448
0.32833490301432455,1.1767963901854843
0.3387966654459076,1.2754606111007833
0.34506009224259593,1.3209830561201472
0.36174328414976475,1.4419383860130104
0.39889547816608406,1.6936387195595786
0.4062863808704922,1.7159221422096105
0.406732843522696,1.7186447273979226
0.4400476414754593,1.8463357755873833
0.4483116101111273,1.8853773169839618
0.4486560644657933,1.8854802422722021
0.4619745381582119,1.9204124965132268
0.46415676850099086,1.9180896978705482
0.48021472898480333,1.9568494662873865
0.5041986280721709,1.9820232340522819
0.5210387316237854,1.943530471768322
0.5481757735083157,1.928835001023852
0.5673983361392025,1.880871845649864
0.5694955649626285,1.8721737752950471
0.5835506420968253,1.8029930510674328
0.5876095522069535,1.8203948010841733
0.5959448427067322,1.7745293577986319
0.6147137659690882,1.6901958911576558
0.615888074622811,1.6895486669363664
0.6190101615497969,1.68489638082808
0.6259690609600019,1.631596165757132
0.6478193361820805,1.5238861102518482
0.6701075599953841,1.3653692674065991
0.671209803603813,1.360490323249708
0.6761311992560302,1.316277574913881
0.6791630509105904,1.2910343514830298
0.6812678610528806,1.305330294795121
0.6855345285552072,1.2506683385762576
0.6950459503115365,1.1580694115829813
0.6997478279181522,1.158807682059227
0.7006334699763928,1.1478954206947036
0.7036362018251721,1.1191566066863174
0.7139354723534552,1.013393659902732
0.7169785048222082,1.021093303758822
0.7192804004340374,1.0131304833946073
0.7369511731195066,0.8539843767388088
0.7397695184361286,0.8369442890563097
0.7416348255056651,0.8187998393802083
0.7420497023939046,0.7944094811811
0.760717258163969,0.6620715805043913
0.7683326465775018,0.6052265750204291
0.776590352518066,0.5419053852137042
0.7770950281164186,0.5315391559312729
0.7837729911841347,0.45218480422440016
0.7928029880310135,0.4071346273890373
0.7966862107046113,0.3421592452176492
0.8233897418336227,0.1480926755749844
0.8280882992551426,0.10702824514748271
0.8472264958868774,-0.043437156157977816
0.8590017053107948,-0.13828508698698194
0.8714536693395747,-0.22198993658280422
0.8810396621331229,-0.2954897789148667
0.8839965776048029,-0.31921639699899573
0.889850203709055,-0.33376731572344914
0.8933142394735158,-0.37736240742566973
0.9023864956093988,-0.4239319923860892
0.905441382672322,-0.45172334423602434
0.9065491316667558,-0.46411596852148196
0.9075239202211582,-0.45594865488104436
0.907589629869527,-0.4575976359350466
0.9105565519668781,-0.4917078561347367
0.9129245639050154,-0.4982724580838147
0.9172114861926524,-0.5260753660772328
0.9182806052190227,-0.5384459420347185
0.9188592793983883,-0.5269658676371914
0.9240050079782343,-0.5581357235337381
0.9305041942123466,-0.6124362676737871
0.952069571042311,-0.6989241561015332
0.961199360254672,-0.7466205941281899
0.9734899034672182,-0.7856901358153284
0.9992641466193692,-0.8929865690816364
1.001957255204573,-0.8930010369378776
1.0147608125027325,-0.9215294352226221
1.0319381900205338,-0.9455608411439305
1.042004717602417,-0.9572544793915807
1.0520550119499497,-0.987707778630121
1.0591038797333159,-0.9703745151260272
1.0685713418578837,-0.9580305340104712
1.0718390873149808,-0.9854826171835724
1.0845326040993575,-0.9734462066812671
1.0936019158259933,-0.944731190427148
1.095388954711777,-0.9629438850957998
1.1143003910227058,-0.9260707264966868
1.1159931532078557,-0.9143262343414876
1.1230025422952385,-0.9071312566747897
1.1267957350626778,-0.9015160240959499
1.1367418673804988,-0.877235223212085
1.1698344686181414,-0.7626520770313654
1.171583242381046,-0.7605747098979909
1.1972569954597914,-0.6115684076129302
1.1976293329965673,-0.6609711062817644
1.2156178656628427,-0.5685766954838882
1.2229918313999963,-0.5223910730373199
1.2287097068578259,-0.5022595855693803
1.228875033597272,-0.48350910372139794
1.2519609420353053,-0.3744069020837226
1.2716154363871013,-0.2651207053451137
1.2819507109779416,-0.19900620118386564
1.2897979786553035,-0.1463760631961521
1.2901698476898602,-0.1522806134270261
1.2944462659538374,-0.1004345938999612
1.3016673024698697,-0.0907301777925233
1.3296610997267058,0.09201959882330168
1.3345956710258662,0.10268832727814134
1.339656540019857,0.12244484207909948
1.3635787461214477,0.24402024559091048
1.364351951502285,0.25449193985930985
1.3759073495091743,0.3409468895810961
1.4042438198654317,0.4679084482750484
1.414695822993929,0.5274531050423413
1.4192562892746814,0.5208312914468777
1.4369080601808886,0.5893289258323532
1.440419230928872,0.6059491973257508
1.4407764122372821,0.6060951522637891
1.4412799994892627,0.6184728037590436
1.4731271852364216,0.6883963888010081
1.4733183725382162,0.696545232788412
1.4742253779264765,0.7133092316003457
1.4847812982218125,0.7082682456924423
1.4872056538431622,0.7350307932265854
1.488670085016559,0.7279675034040796
1.5139617408045982,0.7605985347223412
1.5255974049835306,0.7722166245665139
1.5427691787689852,0.7675652472349705
1.5434825638115521,0.7766469571790351
1.5442173486696102,0.7827018380902119
1.5448574312216667,0.7805964139836478
1.5499294153151633,0.7846842894372011
1.568215315515877,0.7471191702116665
1.5720686683583107,0.7361303131315694
1.5811236620337041,0.7522965447319817
1.5820076546468282,0.72050722620148
1.5838013260778485,0.7230658166517251
1.586828863441995,0.7294501446564168
1.6269648999335748,0.6112681009362223
1.647489536059986,0.523535849811799
1.700713402797386,0.22656090404146073
1.704132205524088,0.21572223384538114
1.7170136561745846,0.15487761150318738
1.740079850437101,0.00520549930983184
1.7470140349564591,-0.06154414250638907
1.7686651066047308,-0.21148739906491634
1.7893626235921545,-0.36246855982148307
1.791500053814648,-0.3940133386602069
1.7940014012180967,-0.4253845871875824
1.8040755446989296,-0.4815779463687388
1.805229364689957,-0.4867557656583538
1.8076804119431067,-0.5080729599007399
1.8104492472532607,-0.5298070705878488
1.82490295963545,-0.6308564787904005
1.8508993583286433,-0.8450387564031852
1.8611149516510892,-0.9067326172050485
1.8734155861238282,-0.997586355618003
1.873920585840577,-1.0028325071925628
1.8809290330040573,-1.057719644192348
1.8843935800811256,-1.097763226900119
1.890328507920163,-1.1231443365929745
1.8985421768789994,-1.1711202643329366
1.9225404107278719,-1.3506644999113981
1.9238970116073508,-1.3319415996608446
1.9346837973469242,-1.3951613659610864
1.9392540439040502,-1.4415837650077836
1.9534084803957832,-1.513924670985054
1.957192491297306,-1.513551606507107
1.9721378831661154,-1.5806288215754931
1.9840932107364129,-1.6363652692111914
1.9916557991827446,-1.6604920609650742
2.0031496438692677,-1.7099258335927952
2.0050944977428573,-1.6835919103255872
2.022198651281917,-1.7378180099382214
2.034736377916074,-1.780348305264615
2.0453000075681977,-1.7586320725087032
2.058492645312075,-1.8066447116291515
2.0626411845047565,-1.7883567466839085
2.071158889945366,-1.8123367085036994
2.0877283113267042,-1.7838258590449265
2.1098425727575476,-1.7745227113004889
2.1122587038290437,-1.7555850355333567
2.1171479196361656,-1.7650388905766958
2.1233011972732676,-1.7277468398030602
2.125502084326537,-1.7141914286001674
2.128637401088662,-1.7148588132060685
2.128646166978461,-1.7092125838514114
2.142042624132979,-1.6609897388545185
2.1429024766163423,-1.6600775214797616
2.15196018360047,-1.6520555537411352
2.15578485671423,-1.610558251312369
2.1631245319742654,-1.5779570498437614
2.1940700470751784,-1.4311771068392762
2.215458522093469,-1.2874366617786175
2.2232128844985404,-1.2361615359877804
2.2386531684110764,-1.131046255849913
2.2454742149666895,-1.0586943564671523
2.246547418030236,-1.0555295693298923
2.2624951205862303,-0.9184375904004373
2.2675158114324345,-0.8790103387782838
2.293503539112594,-0.6515974687935493
2.2949490962959382,-0.6493969280521243
2.303872470072709,-0.5751207385549184
2.306844500284628,-0.5250564643928476
2.3106372110130327,-0.49325365807442323
2.31440715449755,-0.45498882094343446
2.3174391823130867,-0.4156127240799698
2.343234871563867,-0.16662936878424256
2.351522045469582,-0.09761374262697434
2.3562698703276306,-0.05446734283993044
2.375092213530521,0.13415269440933866
2.3758290994288096,0.1372467293418811
2.381324607175225,0.19111642987571478
2.3836908437073365,0.22430573732404493
2.3855689083115186,0.2304524176310126
2.3924526174005623,0.3072629991551719
2.3940517824331655,0.32474215035249115
2.395668100177196,0.32440845800385437
2.404806994669137,0.42478623636716295
2.4197764483355853,0.5737895273756702
2.431018852800592,0.697508145943038
2.434651190861926,0.7067342868150328
2.4457652132363252,0.8171655683353604
2.4704698671409027,1.045223309655358
2.480811398475362,1.128304685260988
2.4827313159969506,1.1453995058136428
2.48711614191844,1.177077062437938
2.4974266457672964,1.2417944836012915
2.4979291111243827,1.2729617189303524
2.5051275621572184,1.3310477061447281
2.522120318567751,1.4338255953225587
2.530151407045338,1.500852021531149
2.5403872840143187,1.549982371977275
2.555591047126989,1.644432394157413
2.556121586446892,1.6462860859458386
2.5641786636919317,1.6947108829380426
2.5777581991566887,1.7575345759246432
2.5828314332574074,1.781139255543593
2.587835495225754,1.8067766051936422
2.613905051823134,1.8884763912117017
2.6232040800744914,1.9140529121285306
2.6606788368740997,1.9693415905602274
2.663200949567176,1.9573372724614213
2.6675945793894638,1.972755096383255
2.672916015503496,1.9796040904343521
2.681726702070536,1.980328400885879
2.683136626939193,1.9707387982317388
2.6867702940580154,1.9423352811223462
2.7049686006738636,1.9342632383483633
2.724909886983964,1.878809133478794
2.725476610988359,1.8855772274382536
2.734456470375438,1.8669514835033227
2.7439972217727586,1.8276777898677445
2.7454082609183237,1.837041505650073
2.769356602211589,1.7180482486791726
2.7749437392279663,1.6851275648292028
2.7823599186719186,1.6561203223677923
2.7911107410159586,1.6184743707677611
2.7999390289114228,1.5503830694618947
2.80222257285324,1.531641010481577
2.802353274232746,1.5276142550304077
2.8121133653936052,1.4862256285504123
2.819176305272885,1.4321450667022573
2.8252506776863795,1.3905740193930263
2.8403517645853205,1.2936526466918454
2.8430735764991866,1.278951778044917
2.843870912339886,1.267161579369714
2.854266158055464,1.185224179535371
2.854741546929473,1.2032262728389338
2.8725246177232844,1.040173496514975
2.875210887946695,1.061743782655611
2.8819209392411533,0.9976668822460903
2.8875753399664976,0.9477621669671411
2.889007665154045,0.9206489596123334
2.8997292884241066,0.8240931509254956
2.9243762711986756,0.6379198085784373
2.931765910153273,0.56870423516884
2.962528832079845,0.33049866990237964
2.9640269213985926,0.31062102620709947
2.9857077174208912,0.12080108233749054
2.9893069606308975,0.10438965336273544
2.9923138076200617,0.081488914245084
2.99414964345266,0.07835960902431023
3.001216499840732,0.014189788348553792
3.0047375887122563,-0.012371048825895506
3.0067571142166543,-0.03156680914309135
3.012278952201278,-0.06793315312096665
3.019079119433778,-0.1367752505840047
3.0219175400201355,-0.15060045577371525
3.036827255975977,-0.2738107634375972
3.0435380162492613,-0.30530702952784655
3.054222652782734,-0.3705778851219354
3.100784623141905,-0.652111064763412
3.105293909944324,-0.6756395592551852
3.1072290328238648,-0.6743793794505144
3.107408821512772,-0.6802447458982138
3.113287133759208,-0.6943443924167686
3.1135350961240746,-0.7085400595730141
3.1245078925258483,-0.7639620160459161
3.1297277829630765,-0.7854403983433279
3.1386473747551253,-0.8132533737808896
3.1508642483535194,-0.8526524579892293
3.170871353341626,-0.9029788345979611
3.172460418653346,-0.9163747621150923
3.1839651001724363,-0.929343857339403
3.185243312537864,-0.9443051558034995
3.1936946612151758,-0.9462877759862532
3.2065937544935394,-0.9742057024535604
3.223810575802771,-0.9743196795960708
3.256795727515591,-0.9587721958631487
3.2584153806408924,-0.9615294397985857
3.2587405687612563,-0.9632634951016055
3.2646188968943086,-0.9522817019427143
3.2710783317151773,-0.9350327964573507
3.276658244559755,-0.9229719929684803
3.297129832429377,-0.8773253319020015
3.3005453667095868,-0.8520302144803144
3.308143648436797,-0.8648829839831137
3.3130509313925973,-0.8081879062605593
3.321428195946936,-0.8014486388013095
3.330027764150138,-0.7812074054685049
3.331487658600633,-0.7438559942128092
3.3445265144397194,-0.7027938312546845
3.3448510539019587,-0.6955234486428561
3.3462215505546222,-0.7022508218645975
3.3540707845640245,-0.6585007527713174
3.3661475851476723,-0.612132325878344
3.369498348230085,-0.5859544347795715
3.374626031688452,-0.5621896611298418
3.3823173590230695,-0.5123613095452711
3.384383428430697,-0.5206407640063052
3.3850818861764296,-0.520928266389947
3.3893174861227866,-0.4652930956743806
3.422523620715264,-0.32044199553661873
3.4422918375571516,-0.20133960158480546
3.452420048131234,-0.1387431569729046
3.4605221491700444,-0.10200973003592226
3.4633271792466616,-0.07274113719279413
3.521071687359198,0.26469577039290404
3.531394674865867,0.3048088745102152
3.541276975856695,0.3487576926695864
3.5721880629657594,0.502815345591762
3.5822097626215204,0.544021614083857
3.587640193499407,0.5640559965688992
3.5943441248646,0.5635683615593519
3.602366664367123,0.6093554787523109
3.620492013111038,0.6730764153928394
3.6420721525379367,0.7148326178875277
3.652110954887256,0.7499716115138116
3.6558487073049903,0.7631015702394257
3.661054586948799,0.753333996788987
3.6871714537295244,0.7866128013829843
3.691969610915592,0.7789823089184854
3.7036804548185938,0.7956286336011474
3.720799068040531,0.7672713003980197
3.7249307804387737,0.7604742033411345
3.7403762835173566,0.7363851991070147
3.74441129583815,0.7235342419355346
3.748618300144946,0.7266045153845294
3.7578520460844516,0.6882146652803094
3.7689462299647065,0.6735374466458243
3.775751326888365,0.6490328366399674
3.777802583086233,0.634242044131371
3.782403368771286,0.6314445498236511
3.8276739289741872,0.4259235891156268
3.8342564220575266,0.3909817048084156
3.8344135933274757,0.37815503813042556
3.8345813947654683,0.3990934899411074
3.851425022508435,0.30961972117197506
3.8743167473264624,0.13989257015571482
3.8753047494032895,0.1492135522130265
3.882290720527301,0.10695445376888162
3.8995826683513837,-0.015204454652661915
3.9024308863783954,-0.0329411925790758
3.915018224594105,-0.10042109796688217
3.921642830284899,-0.1670580878976912
3.921812256617777,-0.16295684137618763
3.936340332724164,-0.2642552961381924
3.956215404145766,-0.42191236357871487
3.9645181823799973,-0.4886481730317487
3.968033355119241,-0.5099349128028914
3.9990217700595903,-0.7545979186390832
4.0146952827277325,-0.8681927138968918
4.021911528556977,-0.9178695361415522
4.031815222938025,-0.9782523495425254
4.034459200536215,-1.0204494891647613
4.054765401068526,-1.1475695267415762
4.055516665415691,-1.1613887384358186
4.05636651980881,-1.1648280365122121
4.061833108516394,-1.201296454141666
4.065472938481722,-1.237379153495511
4.065491884270992,-1.2142012846434078
4.077147922985793,-1.2999647082242143
4.0860291966769005,-1.3563545548514255
4.108872731087015,-1.4607480019383183
4.117942860075939,-1.522754217872164
4.120116483908943,-1.5398092898846982
4.137977257590411,-1.6075195819968409
4.144103406129677,-1.6313136543016151
4.150730998599785,-1.6653927373411697
4.155728308480285,-1.6794677719590971
4.176504753859033,-1.7318773653646204
4.1786939447012355,-1.760021714154402
4.179483967026869,-1.7620601974059047
4.192126734013094,-1.7851569599588115
4.194524244091538,-1.760834464134909
4.197297565821517,-1.7781942085100395
4.202995676139267,-1.7735917095385223
4.2084565476476,-1.7802386144599573
4.211070816359795,-1.7836391161748708
4.2173751376487285,-1.7978926097070582
4.219151798434012,-1.789326039184422
4.220990479244577,-1.8010674514405358
4.237061305209039,-1.798879382385139
4.248382765459898,-1.8031376189133166
4.2681430441397,-1.7819132723757258
4.27106436413205,-1.7786418548025638
4.315990817137289,-1.6279479045359269
4.320120946775848,-1.6060470665199074
4.3338162201192105,-1.5439008664012022
4.3610144088790594,-1.3821625757649307
4.370536944682581,-1.32591107753514
4.426000873053887,-0.8957739434066291
4.435363624084591,-0.8147552931222741
4.439137780292276,-0.7791270730496549
4.455058339205092,-0.646006508867395
4.47531450541465,-0.45899937156708936
4.478475767885513,-0.42198423577229766
4.4828471361673685,-0.3922180471793654
4.496982501812692,-0.2632640631905428
4.5024025813961135,-0.19807678549678076
4.510131899660411,-0.10960286661919406
4.51872552931539,-0.035373800770022806
4.519528922219555,-0.029001731233007436
4.523772286144453,0.03263612337632128
4.528727478439212,0.0644048828181005
4.529402075919771,0.08040452243157985
4.57812426736149,0.5478763826628669
4.587290618636265,0.6339871269817577
4.599093870779075,0.7625078661623313
4.612936904970532,0.8774873377684549
4.630480012587363,1.0599663566019388
4.645729117184366,1.1735458479772476
4.671237450812541,1.3502095173633595
4.678147158970834,1.4217601911196676
4.679614274585868,1.4192548238653082
4.692602001180198,1.5250530764466537
4.693459356750752,1.5126835819138615
4.70029258568916,1.5674237604154342
4.702033950504665,1.5638443566877749
4.71225237375735,1.6363956429001354
4.7127184718457595,1.623585110069198
4.719009389278767,1.667202462527946
4.7210341462746435,1.6763510515144084
4.723034544890133,1.682276817245202
4.723948290402252,1.7018346616976718
4.724292936460536,1.6915022452782862
4.730418790079231,1.7154343231043125
4.739476154714222,1.7795386717940864
4.742402511071198,1.7658552396123308
4.819187716124961,1.9820225844707031
4.819436221143805,1.9578170250165077
4.828089553759071,1.9634232886843033
4.83850129257889,1.9700500066041038
4.8391407791290195,1.9617516915809539
4.842977160404406,1.9711585655270754
4.85225917504285,1.9458364743899312
4.852566791781788,1.9413888111432602
4.867658647969593,1.9349643802069034
4.8716541271358835,1.9010190379832064
4.891863431895091,1.8569971083954697
4.892891725918101,1.850339002078695
4.896460882783156,1.8533732455846188
4.910578800896358,1.8052524258287228
4.9108190159749014,1.818985852218257
4.912083812799455,1.7917787113573969
4.929152692647875,1.7250857400276076
4.954944044407794,1.5807316717415079
4.961547806037043,1.557754329170756
4.992711729037241,1.365225649580566
